-- Generated SQL INSERT statements
-- Created from Excel files in tabelas_base_mapoteca_digital
-- Data extracted exactly as appears in the spreadsheets

-- INSERTs for t_anos
INSERT INTO t_anos (id_ano, ano) VALUES (01, 1998);
INSERT INTO t_anos (id_ano, ano) VALUES (02, 1999);
INSERT INTO t_anos (id_ano, ano) VALUES (03, 2000);
INSERT INTO t_anos (id_ano, ano) VALUES (04, 2001);
INSERT INTO t_anos (id_ano, ano) VALUES (05, 2002);
INSERT INTO t_anos (id_ano, ano) VALUES (06, 2003);
INSERT INTO t_anos (id_ano, ano) VALUES (07, 2004);
INSERT INTO t_anos (id_ano, ano) VALUES (08, 2005);
INSERT INTO t_anos (id_ano, ano) VALUES (09, 2006);
INSERT INTO t_anos (id_ano, ano) VALUES (10, 2007);
INSERT INTO t_anos (id_ano, ano) VALUES (11, 2008);
INSERT INTO t_anos (id_ano, ano) VALUES (12, 2009);
INSERT INTO t_anos (id_ano, ano) VALUES (13, 2010);
INSERT INTO t_anos (id_ano, ano) VALUES (14, 2011);
INSERT INTO t_anos (id_ano, ano) VALUES (15, 2012);
INSERT INTO t_anos (id_ano, ano) VALUES (16, 2013);
INSERT INTO t_anos (id_ano, ano) VALUES (17, 2014);
INSERT INTO t_anos (id_ano, ano) VALUES (18, 2015);
INSERT INTO t_anos (id_ano, ano) VALUES (19, 2016);
INSERT INTO t_anos (id_ano, ano) VALUES (20, 2017);
INSERT INTO t_anos (id_ano, ano) VALUES (21, 2018);
INSERT INTO t_anos (id_ano, ano) VALUES (22, 2019);
INSERT INTO t_anos (id_ano, ano) VALUES (23, 2020);
INSERT INTO t_anos (id_ano, ano) VALUES (24, 2021);
INSERT INTO t_anos (id_ano, ano) VALUES (25, 2022);
INSERT INTO t_anos (id_ano, ano) VALUES (26, 2023);
INSERT INTO t_anos (id_ano, ano) VALUES (27, 2024);
INSERT INTO t_anos (id_ano, ano) VALUES (28, 2025);
INSERT INTO t_anos (id_ano, ano) VALUES (29, 2026);
INSERT INTO t_anos (id_ano, ano) VALUES (30, 2027);
INSERT INTO t_anos (id_ano, ano) VALUES (31, 2028);
INSERT INTO t_anos (id_ano, ano) VALUES (32, 2029);
INSERT INTO t_anos (id_ano, ano) VALUES (33, 2030);

-- INSERTs for t_classe_mapa
INSERT INTO t_classe_mapa (id_classe_mapa, nome_classe_mapa) VALUES (01, 'Mapa');
INSERT INTO t_classe_mapa (id_classe_mapa, nome_classe_mapa) VALUES (02, 'Cartograma');

-- INSERTs for t_cor
INSERT INTO t_cor (codigo_cor, nome_cor) VALUES ('cor', 'Colorido');
INSERT INTO t_cor (codigo_cor, nome_cor) VALUES ('pb', 'Preto e Branco');

-- INSERTs for t_escala
INSERT INTO t_escala (codigo_escala, nome_escala) VALUES ('2m', '1:2.000.000');
INSERT INTO t_escala (codigo_escala, nome_escala) VALUES ('1v5m', '1:1.500.000');
INSERT INTO t_escala (codigo_escala, nome_escala) VALUES ('2v25m', '1:2.250.000');
INSERT INTO t_escala (codigo_escala, nome_escala) VALUES ('banner', 'Banner');
INSERT INTO t_escala (codigo_escala, nome_escala) VALUES ('500k', '1:500.000');
INSERT INTO t_escala (codigo_escala, nome_escala) VALUES ('750k', '1:750.000');
INSERT INTO t_escala (codigo_escala, nome_escala) VALUES ('250k', '1:250.000');
INSERT INTO t_escala (codigo_escala, nome_escala) VALUES ('6v5m', '1:6.500.000');
INSERT INTO t_escala (codigo_escala, nome_escala) VALUES ('4m', '1:4.000.000');

-- INSERTs for t_regiao
INSERT INTO t_regiao (id_regiao, nome_regiao, abrangencia) VALUES (001, 'Alagoinhas', 'alagoinhas');
INSERT INTO t_regiao (id_regiao, nome_regiao, abrangencia) VALUES (003, 'Amargosa', 'amargosa');
INSERT INTO t_regiao (id_regiao, nome_regiao, abrangencia) VALUES (004, 'Bacia do Jacuípe', 'bac_jacuipe');
INSERT INTO t_regiao (id_regiao, nome_regiao, abrangencia) VALUES (005, 'Bacia do Paramirim', 'bac_paramirim');
INSERT INTO t_regiao (id_regiao, nome_regiao, abrangencia) VALUES (006, 'Bacia do Rio Corrente', 'bac_rcorrente');
INSERT INTO t_regiao (id_regiao, nome_regiao, abrangencia) VALUES (007, 'Bacia do Rio Grande', 'bac_rgrande');
INSERT INTO t_regiao (id_regiao, nome_regiao, abrangencia) VALUES (008, 'Baixo Médio São Francisco', 'bx_med_sfc');
INSERT INTO t_regiao (id_regiao, nome_regiao, abrangencia) VALUES (009, 'Baixo Sul', 'bx_sul');
INSERT INTO t_regiao (id_regiao, nome_regiao, abrangencia) VALUES (010, 'Barra', 'barra');
INSERT INTO t_regiao (id_regiao, nome_regiao, abrangencia) VALUES (011, 'Barreiras', 'barreiras');
INSERT INTO t_regiao (id_regiao, nome_regiao, abrangencia) VALUES (012, 'Bom Jesus da Lapa', 'bom_jesus_da_lapa');
INSERT INTO t_regiao (id_regiao, nome_regiao, abrangencia) VALUES (013, 'Boquira', 'boquira');
INSERT INTO t_regiao (id_regiao, nome_regiao, abrangencia) VALUES (014, 'Brumado', 'brumado');
INSERT INTO t_regiao (id_regiao, nome_regiao, abrangencia) VALUES (015, 'Caetité', 'caetite');
INSERT INTO t_regiao (id_regiao, nome_regiao, abrangencia) VALUES (016, 'Camacan', 'camacan');
INSERT INTO t_regiao (id_regiao, nome_regiao, abrangencia) VALUES (017, 'Camaçari', 'camacari');
INSERT INTO t_regiao (id_regiao, nome_regiao, abrangencia) VALUES (018, 'Catu', 'catu');
INSERT INTO t_regiao (id_regiao, nome_regiao, abrangencia) VALUES (019, 'Centro Leste São Francisco', 'cent_est_sfc');
INSERT INTO t_regiao (id_regiao, nome_regiao, abrangencia) VALUES (020, 'Centro Norte Baiano', 'cent_nor');
INSERT INTO t_regiao (id_regiao, nome_regiao, abrangencia) VALUES (021, 'Centro Sul Baiano', 'cent_sul');
INSERT INTO t_regiao (id_regiao, nome_regiao, abrangencia) VALUES (022, 'Centro-leste', 'centro-leste');
INSERT INTO t_regiao (id_regiao, nome_regiao, abrangencia) VALUES (023, 'Centro-norte', 'centro-norte');
INSERT INTO t_regiao (id_regiao, nome_regiao, abrangencia) VALUES (024, 'Chapada Diamantina', 'chpd_diamantina');
INSERT INTO t_regiao (id_regiao, nome_regiao, abrangencia) VALUES (025, 'Chapada Norte', 'chap_nor');
INSERT INTO t_regiao (id_regiao, nome_regiao, abrangencia) VALUES (026, 'Chapada Sul', 'chap_sul');
INSERT INTO t_regiao (id_regiao, nome_regiao, abrangencia) VALUES (027, 'Cícero Dantas', 'cicero_dantas');
INSERT INTO t_regiao (id_regiao, nome_regiao, abrangencia) VALUES (028, 'Cipó', 'cipo');
INSERT INTO t_regiao (id_regiao, nome_regiao, abrangencia) VALUES (029, 'Conceição do Coité', 'conc_do_coite');
INSERT INTO t_regiao (id_regiao, nome_regiao, abrangencia) VALUES (030, 'Costa do Descobrimento', 'cst_descobrimento');
INSERT INTO t_regiao (id_regiao, nome_regiao, abrangencia) VALUES (031, 'Cotegipe', 'cotegipe');
INSERT INTO t_regiao (id_regiao, nome_regiao, abrangencia) VALUES (032, 'Cruz das Almas', 'cruz_das_almas');
INSERT INTO t_regiao (id_regiao, nome_regiao, abrangencia) VALUES (033, 'Entre Rios', 'entre_rios');
INSERT INTO t_regiao (id_regiao, nome_regiao, abrangencia) VALUES (034, 'Euclides da Cunha', 'euclides_da_cunha');
INSERT INTO t_regiao (id_regiao, nome_regiao, abrangencia) VALUES (035, 'Eunápolis', 'eunapolis');
INSERT INTO t_regiao (id_regiao, nome_regiao, abrangencia) VALUES (036, 'Eunápolis - Porto Seguro', 'eunapolis-porto_seguro');
INSERT INTO t_regiao (id_regiao, nome_regiao, abrangencia) VALUES (037, 'Extremo Oeste Baiano', 'extr_oes');
INSERT INTO t_regiao (id_regiao, nome_regiao, abrangencia) VALUES (038, 'Extremo Sul', 'extr_sul');
INSERT INTO t_regiao (id_regiao, nome_regiao, abrangencia) VALUES (039, 'Feira de Santana', 'feira_de_santana');
INSERT INTO t_regiao (id_regiao, nome_regiao, abrangencia) VALUES (040, 'Grande Recôncavo', 'grand_recvo');
INSERT INTO t_regiao (id_regiao, nome_regiao, abrangencia) VALUES (041, 'Guanambi', 'guanambi');
INSERT INTO t_regiao (id_regiao, nome_regiao, abrangencia) VALUES (042, 'Ibotirama', 'ibotirama');
INSERT INTO t_regiao (id_regiao, nome_regiao, abrangencia) VALUES (043, 'Ilhéus', 'ilheus');
INSERT INTO t_regiao (id_regiao, nome_regiao, abrangencia) VALUES (044, 'Ilhéus-Itabuna', 'ilheus_itabuna');
INSERT INTO t_regiao (id_regiao, nome_regiao, abrangencia) VALUES (045, 'Ipiaú', 'ipiau');
INSERT INTO t_regiao (id_regiao, nome_regiao, abrangencia) VALUES (046, 'Ipirá', 'ipira');
INSERT INTO t_regiao (id_regiao, nome_regiao, abrangencia) VALUES (047, 'Irecê', 'irece');
INSERT INTO t_regiao (id_regiao, nome_regiao, abrangencia) VALUES (048, 'Itaberaba', 'itaberaba');
INSERT INTO t_regiao (id_regiao, nome_regiao, abrangencia) VALUES (049, 'Itabuna', 'itabuna');
INSERT INTO t_regiao (id_regiao, nome_regiao, abrangencia) VALUES (050, 'Itaparica', 'itaparica');
INSERT INTO t_regiao (id_regiao, nome_regiao, abrangencia) VALUES (051, 'Itapetinga', 'itapetinga');
INSERT INTO t_regiao (id_regiao, nome_regiao, abrangencia) VALUES (052, 'Jacobina', 'jacobina');
INSERT INTO t_regiao (id_regiao, nome_regiao, abrangencia) VALUES (053, 'Jequié', 'jequie');
INSERT INTO t_regiao (id_regiao, nome_regiao, abrangencia) VALUES (054, 'Jeremoabo', 'jeremoabo');
INSERT INTO t_regiao (id_regiao, nome_regiao, abrangencia) VALUES (055, 'Juazeiro', 'juazeiro');
INSERT INTO t_regiao (id_regiao, nome_regiao, abrangencia) VALUES (056, 'Leste', 'leste');
INSERT INTO t_regiao (id_regiao, nome_regiao, abrangencia) VALUES (057, 'Litoral Norte', 'lit_nor');
INSERT INTO t_regiao (id_regiao, nome_regiao, abrangencia) VALUES (058, 'Litoral Norte e Agreste Baiano', 'lit_nor_e_agreste');
INSERT INTO t_regiao (id_regiao, nome_regiao, abrangencia) VALUES (059, 'Litoral Sul', 'lit_sul');
INSERT INTO t_regiao (id_regiao, nome_regiao, abrangencia) VALUES (060, 'Livramento de Nossa Senhora', 'livram_de_n_sra');
INSERT INTO t_regiao (id_regiao, nome_regiao, abrangencia) VALUES (061, 'Macaúbas', 'macaubas');
INSERT INTO t_regiao (id_regiao, nome_regiao, abrangencia) VALUES (062, 'Mata Atlântica', 'mat_atlant');
INSERT INTO t_regiao (id_regiao, nome_regiao, abrangencia) VALUES (063, 'Médio Rio de Contas', 'med_rcontas');
INSERT INTO t_regiao (id_regiao, nome_regiao, abrangencia) VALUES (064, 'Médio São Francisco', 'med_sfc');
INSERT INTO t_regiao (id_regiao, nome_regiao, abrangencia) VALUES (065, 'Médio Sudoeste da Bahia', 'med_sw');
INSERT INTO t_regiao (id_regiao, nome_regiao, abrangencia) VALUES (067, 'Metropolitana de Salvador', 'metrop_ssa');
INSERT INTO t_regiao (id_regiao, nome_regiao, abrangencia) VALUES (068, 'Metropolitano de Salvador', 'metro_ssa');
INSERT INTO t_regiao (id_regiao, nome_regiao, abrangencia) VALUES (069, 'Mundo Novo', 'mundo_novo');
INSERT INTO t_regiao (id_regiao, nome_regiao, abrangencia) VALUES (070, 'Nazaré - Maragogipe', 'nazare-maragogipe');
INSERT INTO t_regiao (id_regiao, nome_regiao, abrangencia) VALUES (071, 'Nordeste', 'ne');
INSERT INTO t_regiao (id_regiao, nome_regiao, abrangencia) VALUES (072, 'Nordeste Baiano', 'ne_ba');
INSERT INTO t_regiao (id_regiao, nome_regiao, abrangencia) VALUES (073, 'Norte', 'norte');
INSERT INTO t_regiao (id_regiao, nome_regiao, abrangencia) VALUES (074, 'Oeste', 'oes');
INSERT INTO t_regiao (id_regiao, nome_regiao, abrangencia) VALUES (075, 'Oeste do São Francisco', 'oes_sfc');
INSERT INTO t_regiao (id_regiao, nome_regiao, abrangencia) VALUES (076, 'Paraguaçu', 'paraguacu');
INSERT INTO t_regiao (id_regiao, nome_regiao, abrangencia) VALUES (077, 'Paulo Afonso', 'paulo_afonso');
INSERT INTO t_regiao (id_regiao, nome_regiao, abrangencia) VALUES (078, 'Piemonte da Diamantina', 'piem_diamantina');
INSERT INTO t_regiao (id_regiao, nome_regiao, abrangencia) VALUES (079, 'Piemonte do Paraguaçu', 'piem_paraguacu');
INSERT INTO t_regiao (id_regiao, nome_regiao, abrangencia) VALUES (080, 'Piemonte Norte do Itapicuru', 'piem_n_itapicuru');
INSERT INTO t_regiao (id_regiao, nome_regiao, abrangencia) VALUES (081, 'Planalto Central', 'planat_cent');
INSERT INTO t_regiao (id_regiao, nome_regiao, abrangencia) VALUES (082, 'Planalto Sudoeste', 'planat_sw');
INSERT INTO t_regiao (id_regiao, nome_regiao, abrangencia) VALUES (083, 'Portal do Sertão', 'port_sertao');
INSERT INTO t_regiao (id_regiao, nome_regiao, abrangencia) VALUES (084, 'Porto Seguro', 'porto_seguro');
INSERT INTO t_regiao (id_regiao, nome_regiao, abrangencia) VALUES (085, 'Recôncavo', 'recvo');
INSERT INTO t_regiao (id_regiao, nome_regiao, abrangencia) VALUES (086, 'Recôncavo Sul', 'recvo_sul');
INSERT INTO t_regiao (id_regiao, nome_regiao, abrangencia) VALUES (087, 'Ribeira do Pombal', 'ribeira_do_pombal');
INSERT INTO t_regiao (id_regiao, nome_regiao, abrangencia) VALUES (088, 'Salvador', 'salvador');
INSERT INTO t_regiao (id_regiao, nome_regiao, abrangencia) VALUES (089, 'Santa Maria da Vitória', 'sta_ma_da_vitoria');
INSERT INTO t_regiao (id_regiao, nome_regiao, abrangencia) VALUES (090, 'Santo Antônio de Jesus', 'sto_ant_de_jesus');
INSERT INTO t_regiao (id_regiao, nome_regiao, abrangencia) VALUES (091, 'Seabra', 'seabra');
INSERT INTO t_regiao (id_regiao, nome_regiao, abrangencia) VALUES (092, 'Semiárido Nordeste II', 'semi_arid_ne_ii');
INSERT INTO t_regiao (id_regiao, nome_regiao, abrangencia) VALUES (093, 'Senhor do Bonfim', 'sr_do_bonfim');
INSERT INTO t_regiao (id_regiao, nome_regiao, abrangencia) VALUES (094, 'Serra Geral', 'serr_geral');
INSERT INTO t_regiao (id_regiao, nome_regiao, abrangencia) VALUES (095, 'Serrinha', 'serrinha');
INSERT INTO t_regiao (id_regiao, nome_regiao, abrangencia) VALUES (096, 'Sertão do São Francisco', 'sertao_sfco');
INSERT INTO t_regiao (id_regiao, nome_regiao, abrangencia) VALUES (097, 'Sertão Produtivo', 'sertao_produt');
INSERT INTO t_regiao (id_regiao, nome_regiao, abrangencia) VALUES (098, 'Sisal', 'sisal');
INSERT INTO t_regiao (id_regiao, nome_regiao, abrangencia) VALUES (099, 'Sudoeste', 'sudoeste');
INSERT INTO t_regiao (id_regiao, nome_regiao, abrangencia) VALUES (100, 'Sudoeste Baiano', 'sw');
INSERT INTO t_regiao (id_regiao, nome_regiao, abrangencia) VALUES (101, 'Sul', 'sul');
INSERT INTO t_regiao (id_regiao, nome_regiao, abrangencia) VALUES (102, 'Sul Baiano', 'sul_ba');
INSERT INTO t_regiao (id_regiao, nome_regiao, abrangencia) VALUES (103, 'Vale do Jiquiriçá', 'vl_jiquirica');
INSERT INTO t_regiao (id_regiao, nome_regiao, abrangencia) VALUES (104, 'Vale Sanfranciscano da Bahia', 'val_sfrc');
INSERT INTO t_regiao (id_regiao, nome_regiao, abrangencia) VALUES (105, 'Valença', 'valenca');
INSERT INTO t_regiao (id_regiao, nome_regiao, abrangencia) VALUES (106, 'Velho Chico', 'velho_chico');
INSERT INTO t_regiao (id_regiao, nome_regiao, abrangencia) VALUES (107, 'Vitória da Conquista', 'vit_da_conquista');
INSERT INTO t_regiao (id_regiao, nome_regiao, abrangencia) VALUES (108, 'Xique-Xique - Barra', 'xique-xique_barra');

-- INSERTs for t_tema
INSERT INTO t_tema (id_tema, codigo_tema, nome_tema) VALUES (001, 'artcart', 'Articulação de Folha Cartográfica (1:100:000)');
INSERT INTO t_tema (id_tema, codigo_tema, nome_tema) VALUES (002, 'dpa', 'Divisão Político-Administrativa');
INSERT INTO t_tema (id_tema, codigo_tema, nome_tema) VALUES (003, 'aptAgric', 'Aptidão Agrícola');
INSERT INTO t_tema (id_tema, codigo_tema, nome_tema) VALUES (004, 'susDesert', 'Áreas Susceptíveis à Desertificação');
INSERT INTO t_tema (id_tema, codigo_tema, nome_tema) VALUES (005, 'baciaHid', 'Bacias Hidrográficas');
INSERT INTO t_tema (id_tema, codigo_tema, nome_tema) VALUES (006, 'biomas', 'Biomas');
INSERT INTO t_tema (id_tema, codigo_tema, nome_tema) VALUES (007, 'floraExtin', 'Especies da Flora Ameaçadas de Extinção');
INSERT INTO t_tema (id_tema, codigo_tema, nome_tema) VALUES (008, 'estmet', 'Estação Meteorológica');
INSERT INTO t_tema (id_tema, codigo_tema, nome_tema) VALUES (009, 'geologia', 'Geologia');
INSERT INTO t_tema (id_tema, codigo_tema, nome_tema) VALUES (010, 'gerEnergia', 'Geração de Energia');
INSERT INTO t_tema (id_tema, codigo_tema, nome_tema) VALUES (011, 'hipsom', 'Hipsometria');
INSERT INTO t_tema (id_tema, codigo_tema, nome_tema) VALUES (012, 'indAridez', 'Índice de Aridez');
INSERT INTO t_tema (id_tema, codigo_tema, nome_tema) VALUES (013, 'relmde', 'Modelo Digital de Elevação');
INSERT INTO t_tema (id_tema, codigo_tema, nome_tema) VALUES (014, 'pluv', 'Pluviometria');
INSERT INTO t_tema (id_tema, codigo_tema, nome_tema) VALUES (015, 'ptoExtremo', 'Pontos Extremos');
INSERT INTO t_tema (id_tema, codigo_tema, nome_tema) VALUES (016, 'recMineral', 'Recursos Minerais');
INSERT INTO t_tema (id_tema, codigo_tema, nome_tema) VALUES (017, 'relevo', 'Relevo');
INSERT INTO t_tema (id_tema, codigo_tema, nome_tema) VALUES (018, 'solos', 'Solos');
INSERT INTO t_tema (id_tema, codigo_tema, nome_tema) VALUES (019, 'temp', 'Temperatura');
INSERT INTO t_tema (id_tema, codigo_tema, nome_tema) VALUES (020, 'tipClimaKG', 'Tipologia Climática (Koppen e Geiger)');
INSERT INTO t_tema (id_tema, codigo_tema, nome_tema) VALUES (021, 'tipClimaTM', 'Tipologia Climática (Thornthwaite e Matther)');
INSERT INTO t_tema (id_tema, codigo_tema, nome_tema) VALUES (022, 'tipClimaT', 'Tipologia Climática (Thornthwaite)');
INSERT INTO t_tema (id_tema, codigo_tema, nome_tema) VALUES (023, 'usoTerra', 'Uso e Cobertuura das Terras');
INSERT INTO t_tema (id_tema, codigo_tema, nome_tema) VALUES (024, 'vegetacao', 'Vegetação');
INSERT INTO t_tema (id_tema, codigo_tema, nome_tema) VALUES (025, 'eixodes', 'Eixo de Desenvolvimento');
INSERT INTO t_tema (id_tema, codigo_tema, nome_tema) VALUES (026, 'mesoreg', 'Mesorregião Geográfica');
INSERT INTO t_tema (id_tema, codigo_tema, nome_tema) VALUES (027, 'microeg', 'Microrregião Geográfica');
INSERT INTO t_tema (id_tema, codigo_tema, nome_tema) VALUES (028, 'nrs', 'Núcleo Regional de Saúde');
INSERT INTO t_tema (id_tema, codigo_tema, nome_tema) VALUES (029, 'nte', 'Núcleo Territorial de Educação');
INSERT INTO t_tema (id_tema, codigo_tema, nome_tema) VALUES (030, 'polseca', 'Polígono das Secas');
INSERT INTO t_tema (id_tema, codigo_tema, nome_tema) VALUES (031, 'radm', 'Região Administrativa');
INSERT INTO t_tema (id_tema, codigo_tema, nome_tema) VALUES (032, 'rpga', 'Região de Planejamento e Gestão das Águas');
INSERT INTO t_tema (id_tema, codigo_tema, nome_tema) VALUES (033, 'rsau', 'Região de Saúde');
INSERT INTO t_tema (id_tema, codigo_tema, nome_tema) VALUES (034, 'reco', 'Região Econômica');
INSERT INTO t_tema (id_tema, codigo_tema, nome_tema) VALUES (035, 'rgimed', 'Região Geográfica Imediata');
INSERT INTO t_tema (id_tema, codigo_tema, nome_tema) VALUES (036, 'rginter', 'Região Geográfica Intermediária');
INSERT INTO t_tema (id_tema, codigo_tema, nome_tema) VALUES (037, 'semiarido', 'Região Semiárida');
INSERT INTO t_tema (id_tema, codigo_tema, nome_tema) VALUES (038, 'ti', 'Territórios de Identidade');
INSERT INTO t_tema (id_tema, codigo_tema, nome_tema) VALUES (039, 'popEstima', 'Estimativa Populacional');
INSERT INTO t_tema (id_tema, codigo_tema, nome_tema) VALUES (040, 'fpm', 'Fundo de Participação dos Municípios');
INSERT INTO t_tema (id_tema, codigo_tema, nome_tema) VALUES (041, 'icmsMun', 'ICMS (Município)');
INSERT INTO t_tema (id_tema, codigo_tema, nome_tema) VALUES (042, 'icmsTI', 'ICMS (Território de Identidade)');
INSERT INTO t_tema (id_tema, codigo_tema, nome_tema) VALUES (043, 'pibAgro', 'PIB (Agropecuário)');
INSERT INTO t_tema (id_tema, codigo_tema, nome_tema) VALUES (044, 'pibIndus', 'PIB (Industrial)');
INSERT INTO t_tema (id_tema, codigo_tema, nome_tema) VALUES (045, 'pibMun', 'PIB (Município)');
INSERT INTO t_tema (id_tema, codigo_tema, nome_tema) VALUES (046, 'pibPercap', 'PIB (Per Capta)');
INSERT INTO t_tema (id_tema, codigo_tema, nome_tema) VALUES (047, 'pibServ', 'PIB (Serviços)');
INSERT INTO t_tema (id_tema, codigo_tema, nome_tema) VALUES (048, 'pibTI', 'PIB (Território de Identidade)');
INSERT INTO t_tema (id_tema, codigo_tema, nome_tema) VALUES (049, 'popMun', 'População (Município)');
INSERT INTO t_tema (id_tema, codigo_tema, nome_tema) VALUES (050, 'povosIndig', 'Povos Indígenas');
INSERT INTO t_tema (id_tema, codigo_tema, nome_tema) VALUES (051, 'projRefAgra', 'Projetos de Assentamento de Reforma Agrária');
INSERT INTO t_tema (id_tema, codigo_tema, nome_tema) VALUES (052, 'projIrriga', 'Projetos de Irrigação');
INSERT INTO t_tema (id_tema, codigo_tema, nome_tema) VALUES (053, 'undConserv', 'Unidades de Conservação');
INSERT INTO t_tema (id_tema, codigo_tema, nome_tema) VALUES (054, 'sisTransp', 'Sistema de Transportes');
INSERT INTO t_tema (id_tema, codigo_tema, nome_tema) VALUES (055, 'usinaTermo', 'Usinas Termelétricas');

-- INSERTs for t_tipo_mapa
INSERT INTO t_tipo_mapa (id_tipo_mapa, nome_tipo_mapa) VALUES (01, 'Estadual');
INSERT INTO t_tipo_mapa (id_tipo_mapa, nome_tipo_mapa) VALUES (02, 'Regional');
INSERT INTO t_tipo_mapa (id_tipo_mapa, nome_tipo_mapa) VALUES (03, 'Municipal');

-- INSERTs for t_tipo_regionalizacao
INSERT INTO t_tipo_regionalizacao (id_tipo_regionalizacao, nome_tipo_regionalizacao) VALUES (01, 'Eixo de Desenvolvimento');
INSERT INTO t_tipo_regionalizacao (id_tipo_regionalizacao, nome_tipo_regionalizacao) VALUES (02, 'Mesorregião Geográfica');
INSERT INTO t_tipo_regionalizacao (id_tipo_regionalizacao, nome_tipo_regionalizacao) VALUES (03, 'Microrregião Geográfica');
INSERT INTO t_tipo_regionalizacao (id_tipo_regionalizacao, nome_tipo_regionalizacao) VALUES (04, 'Núcleo Regional de Saúde');
INSERT INTO t_tipo_regionalizacao (id_tipo_regionalizacao, nome_tipo_regionalizacao) VALUES (05, 'Núcleo Territorial de Educação');
INSERT INTO t_tipo_regionalizacao (id_tipo_regionalizacao, nome_tipo_regionalizacao) VALUES (06, 'Região Administrativa');
INSERT INTO t_tipo_regionalizacao (id_tipo_regionalizacao, nome_tipo_regionalizacao) VALUES (07, 'Região de Saúde');
INSERT INTO t_tipo_regionalizacao (id_tipo_regionalizacao, nome_tipo_regionalizacao) VALUES (08, 'Região Econômica');
INSERT INTO t_tipo_regionalizacao (id_tipo_regionalizacao, nome_tipo_regionalizacao) VALUES (09, 'Região Geográfica Imediata');
INSERT INTO t_tipo_regionalizacao (id_tipo_regionalizacao, nome_tipo_regionalizacao) VALUES (10, 'Região Geográfica Intermediária');
INSERT INTO t_tipo_regionalizacao (id_tipo_regionalizacao, nome_tipo_regionalizacao) VALUES (11, 'Territórios de Identidade');

-- INSERTs for t_tipo_tema
INSERT INTO t_tipo_tema (id_tipo_tema, codigo_tipo_tema, nome_tipo_tema) VALUES (01, 'cart', 'Cartografia');
INSERT INTO t_tipo_tema (id_tipo_tema, codigo_tipo_tema, nome_tipo_tema) VALUES (02, 'padm', 'Político-Administrativo');
INSERT INTO t_tipo_tema (id_tipo_tema, codigo_tipo_tema, nome_tipo_tema) VALUES (03, 'fisamb', 'Físico-Ambiental');
INSERT INTO t_tipo_tema (id_tipo_tema, codigo_tipo_tema, nome_tipo_tema) VALUES (04, 'reg', 'Regionalização');
INSERT INTO t_tipo_tema (id_tipo_tema, codigo_tipo_tema, nome_tipo_tema) VALUES (05, 'soc', 'Socioeconômico');
INSERT INTO t_tipo_tema (id_tipo_tema, codigo_tipo_tema, nome_tipo_tema) VALUES (06, 'infra', 'Infraestrutura');

-- INSERTs for t_classe_mapa_tipo_mapa
INSERT INTO t_classe_mapa_tipo_mapa (id_classe_mapa, id_tipo_mapa) VALUES (01, 01);
INSERT INTO t_classe_mapa_tipo_mapa (id_classe_mapa, id_tipo_mapa) VALUES (01, 02);
INSERT INTO t_classe_mapa_tipo_mapa (id_classe_mapa, id_tipo_mapa) VALUES (01, 03);
INSERT INTO t_classe_mapa_tipo_mapa (id_classe_mapa, id_tipo_mapa) VALUES (02, 01);
INSERT INTO t_classe_mapa_tipo_mapa (id_classe_mapa, id_tipo_mapa) VALUES (02, 02);
INSERT INTO t_classe_mapa_tipo_mapa (id_classe_mapa, id_tipo_mapa) VALUES (02, 03);

-- INSERTs for t_regionalizacao_regiao
INSERT INTO t_regionalizacao_regiao (id_regionalizacao, id_regiao) VALUES (1, 8);
INSERT INTO t_regionalizacao_regiao (id_regionalizacao, id_regiao) VALUES (1, 19);
INSERT INTO t_regionalizacao_regiao (id_regionalizacao, id_regiao) VALUES (1, 25);
INSERT INTO t_regionalizacao_regiao (id_regionalizacao, id_regiao) VALUES (1, 26);
INSERT INTO t_regionalizacao_regiao (id_regionalizacao, id_regiao) VALUES (1, 38);
INSERT INTO t_regionalizacao_regiao (id_regionalizacao, id_regiao) VALUES (1, 40);
INSERT INTO t_regionalizacao_regiao (id_regionalizacao, id_regiao) VALUES (1, 62);
INSERT INTO t_regionalizacao_regiao (id_regionalizacao, id_regiao) VALUES (1, 64);
INSERT INTO t_regionalizacao_regiao (id_regionalizacao, id_regiao) VALUES (1, 68);
INSERT INTO t_regionalizacao_regiao (id_regionalizacao, id_regiao) VALUES (1, 71);
INSERT INTO t_regionalizacao_regiao (id_regionalizacao, id_regiao) VALUES (1, 75);
INSERT INTO t_regionalizacao_regiao (id_regionalizacao, id_regiao) VALUES (1, 81);
INSERT INTO t_regionalizacao_regiao (id_regionalizacao, id_regiao) VALUES (1, 82);
INSERT INTO t_regionalizacao_regiao (id_regionalizacao, id_regiao) VALUES (2, 20);
INSERT INTO t_regionalizacao_regiao (id_regionalizacao, id_regiao) VALUES (2, 21);
INSERT INTO t_regionalizacao_regiao (id_regionalizacao, id_regiao) VALUES (2, 37);
INSERT INTO t_regionalizacao_regiao (id_regionalizacao, id_regiao) VALUES (2, 68);
INSERT INTO t_regionalizacao_regiao (id_regionalizacao, id_regiao) VALUES (2, 72);
INSERT INTO t_regionalizacao_regiao (id_regionalizacao, id_regiao) VALUES (2, 102);
INSERT INTO t_regionalizacao_regiao (id_regionalizacao, id_regiao) VALUES (2, 104);
INSERT INTO t_regionalizacao_regiao (id_regionalizacao, id_regiao) VALUES (3, 1);
INSERT INTO t_regionalizacao_regiao (id_regionalizacao, id_regiao) VALUES (3, 10);
INSERT INTO t_regionalizacao_regiao (id_regionalizacao, id_regiao) VALUES (3, 11);
INSERT INTO t_regionalizacao_regiao (id_regionalizacao, id_regiao) VALUES (3, 12);
INSERT INTO t_regionalizacao_regiao (id_regionalizacao, id_regiao) VALUES (3, 13);
INSERT INTO t_regionalizacao_regiao (id_regionalizacao, id_regiao) VALUES (3, 14);
INSERT INTO t_regionalizacao_regiao (id_regionalizacao, id_regiao) VALUES (3, 18);
INSERT INTO t_regionalizacao_regiao (id_regionalizacao, id_regiao) VALUES (3, 31);
INSERT INTO t_regionalizacao_regiao (id_regionalizacao, id_regiao) VALUES (3, 33);
INSERT INTO t_regionalizacao_regiao (id_regionalizacao, id_regiao) VALUES (3, 34);
INSERT INTO t_regionalizacao_regiao (id_regionalizacao, id_regiao) VALUES (3, 39);
INSERT INTO t_regionalizacao_regiao (id_regionalizacao, id_regiao) VALUES (3, 41);
INSERT INTO t_regionalizacao_regiao (id_regionalizacao, id_regiao) VALUES (3, 44);
INSERT INTO t_regionalizacao_regiao (id_regionalizacao, id_regiao) VALUES (3, 47);
INSERT INTO t_regionalizacao_regiao (id_regionalizacao, id_regiao) VALUES (3, 48);
INSERT INTO t_regionalizacao_regiao (id_regionalizacao, id_regiao) VALUES (3, 51);
INSERT INTO t_regionalizacao_regiao (id_regionalizacao, id_regiao) VALUES (3, 52);
INSERT INTO t_regionalizacao_regiao (id_regionalizacao, id_regiao) VALUES (3, 53);
INSERT INTO t_regionalizacao_regiao (id_regionalizacao, id_regiao) VALUES (3, 54);
INSERT INTO t_regionalizacao_regiao (id_regionalizacao, id_regiao) VALUES (3, 55);
INSERT INTO t_regionalizacao_regiao (id_regionalizacao, id_regiao) VALUES (3, 60);
INSERT INTO t_regionalizacao_regiao (id_regionalizacao, id_regiao) VALUES (3, 77);
INSERT INTO t_regionalizacao_regiao (id_regionalizacao, id_regiao) VALUES (3, 84);
INSERT INTO t_regionalizacao_regiao (id_regionalizacao, id_regiao) VALUES (3, 87);
INSERT INTO t_regionalizacao_regiao (id_regionalizacao, id_regiao) VALUES (3, 88);
INSERT INTO t_regionalizacao_regiao (id_regionalizacao, id_regiao) VALUES (3, 89);
INSERT INTO t_regionalizacao_regiao (id_regionalizacao, id_regiao) VALUES (3, 90);
INSERT INTO t_regionalizacao_regiao (id_regionalizacao, id_regiao) VALUES (3, 91);
INSERT INTO t_regionalizacao_regiao (id_regionalizacao, id_regiao) VALUES (3, 93);
INSERT INTO t_regionalizacao_regiao (id_regionalizacao, id_regiao) VALUES (3, 95);
INSERT INTO t_regionalizacao_regiao (id_regionalizacao, id_regiao) VALUES (3, 105);
INSERT INTO t_regionalizacao_regiao (id_regionalizacao, id_regiao) VALUES (3, 107);
INSERT INTO t_regionalizacao_regiao (id_regionalizacao, id_regiao) VALUES (4, 22);
INSERT INTO t_regionalizacao_regiao (id_regionalizacao, id_regiao) VALUES (4, 23);
INSERT INTO t_regionalizacao_regiao (id_regionalizacao, id_regiao) VALUES (4, 38);
INSERT INTO t_regionalizacao_regiao (id_regionalizacao, id_regiao) VALUES (4, 56);
INSERT INTO t_regionalizacao_regiao (id_regionalizacao, id_regiao) VALUES (4, 71);
INSERT INTO t_regionalizacao_regiao (id_regionalizacao, id_regiao) VALUES (4, 73);
INSERT INTO t_regionalizacao_regiao (id_regionalizacao, id_regiao) VALUES (4, 74);
INSERT INTO t_regionalizacao_regiao (id_regionalizacao, id_regiao) VALUES (4, 99);
INSERT INTO t_regionalizacao_regiao (id_regionalizacao, id_regiao) VALUES (4, 101);
INSERT INTO t_regionalizacao_regiao (id_regionalizacao, id_regiao) VALUES (5, 1);
INSERT INTO t_regionalizacao_regiao (id_regionalizacao, id_regiao) VALUES (5, 3);
INSERT INTO t_regionalizacao_regiao (id_regionalizacao, id_regiao) VALUES (5, 11);
INSERT INTO t_regionalizacao_regiao (id_regionalizacao, id_regiao) VALUES (5, 12);
INSERT INTO t_regionalizacao_regiao (id_regionalizacao, id_regiao) VALUES (5, 15);
INSERT INTO t_regionalizacao_regiao (id_regionalizacao, id_regiao) VALUES (5, 35);
INSERT INTO t_regionalizacao_regiao (id_regionalizacao, id_regiao) VALUES (5, 39);
INSERT INTO t_regionalizacao_regiao (id_regionalizacao, id_regiao) VALUES (5, 46);
INSERT INTO t_regionalizacao_regiao (id_regionalizacao, id_regiao) VALUES (5, 47);
INSERT INTO t_regionalizacao_regiao (id_regionalizacao, id_regiao) VALUES (5, 48);
INSERT INTO t_regionalizacao_regiao (id_regionalizacao, id_regiao) VALUES (5, 49);
INSERT INTO t_regionalizacao_regiao (id_regionalizacao, id_regiao) VALUES (5, 51);
INSERT INTO t_regionalizacao_regiao (id_regionalizacao, id_regiao) VALUES (5, 52);
INSERT INTO t_regionalizacao_regiao (id_regionalizacao, id_regiao) VALUES (5, 53);
INSERT INTO t_regionalizacao_regiao (id_regionalizacao, id_regiao) VALUES (5, 55);
INSERT INTO t_regionalizacao_regiao (id_regionalizacao, id_regiao) VALUES (5, 61);
INSERT INTO t_regionalizacao_regiao (id_regionalizacao, id_regiao) VALUES (5, 77);
INSERT INTO t_regionalizacao_regiao (id_regionalizacao, id_regiao) VALUES (5, 87);
INSERT INTO t_regionalizacao_regiao (id_regionalizacao, id_regiao) VALUES (5, 88);
INSERT INTO t_regionalizacao_regiao (id_regionalizacao, id_regiao) VALUES (5, 89);
INSERT INTO t_regionalizacao_regiao (id_regionalizacao, id_regiao) VALUES (5, 90);
INSERT INTO t_regionalizacao_regiao (id_regionalizacao, id_regiao) VALUES (5, 91);
INSERT INTO t_regionalizacao_regiao (id_regionalizacao, id_regiao) VALUES (5, 93);
INSERT INTO t_regionalizacao_regiao (id_regionalizacao, id_regiao) VALUES (5, 95);
INSERT INTO t_regionalizacao_regiao (id_regionalizacao, id_regiao) VALUES (5, 105);
INSERT INTO t_regionalizacao_regiao (id_regionalizacao, id_regiao) VALUES (5, 107);
INSERT INTO t_regionalizacao_regiao (id_regionalizacao, id_regiao) VALUES (6, 1);
INSERT INTO t_regionalizacao_regiao (id_regionalizacao, id_regiao) VALUES (6, 3);
INSERT INTO t_regionalizacao_regiao (id_regionalizacao, id_regiao) VALUES (6, 11);
INSERT INTO t_regionalizacao_regiao (id_regionalizacao, id_regiao) VALUES (6, 14);
INSERT INTO t_regionalizacao_regiao (id_regionalizacao, id_regiao) VALUES (6, 15);
INSERT INTO t_regionalizacao_regiao (id_regionalizacao, id_regiao) VALUES (6, 28);
INSERT INTO t_regionalizacao_regiao (id_regionalizacao, id_regiao) VALUES (6, 32);
INSERT INTO t_regionalizacao_regiao (id_regionalizacao, id_regiao) VALUES (6, 35);
INSERT INTO t_regionalizacao_regiao (id_regionalizacao, id_regiao) VALUES (6, 39);
INSERT INTO t_regionalizacao_regiao (id_regionalizacao, id_regiao) VALUES (6, 41);
INSERT INTO t_regionalizacao_regiao (id_regionalizacao, id_regiao) VALUES (6, 42);
INSERT INTO t_regionalizacao_regiao (id_regionalizacao, id_regiao) VALUES (6, 43);
INSERT INTO t_regionalizacao_regiao (id_regionalizacao, id_regiao) VALUES (6, 47);
INSERT INTO t_regionalizacao_regiao (id_regionalizacao, id_regiao) VALUES (6, 48);
INSERT INTO t_regionalizacao_regiao (id_regionalizacao, id_regiao) VALUES (6, 49);
INSERT INTO t_regionalizacao_regiao (id_regionalizacao, id_regiao) VALUES (6, 51);
INSERT INTO t_regionalizacao_regiao (id_regionalizacao, id_regiao) VALUES (6, 52);
INSERT INTO t_regionalizacao_regiao (id_regionalizacao, id_regiao) VALUES (6, 53);
INSERT INTO t_regionalizacao_regiao (id_regionalizacao, id_regiao) VALUES (6, 55);
INSERT INTO t_regionalizacao_regiao (id_regionalizacao, id_regiao) VALUES (6, 61);
INSERT INTO t_regionalizacao_regiao (id_regionalizacao, id_regiao) VALUES (6, 67);
INSERT INTO t_regionalizacao_regiao (id_regionalizacao, id_regiao) VALUES (6, 69);
INSERT INTO t_regionalizacao_regiao (id_regionalizacao, id_regiao) VALUES (6, 77);
INSERT INTO t_regionalizacao_regiao (id_regionalizacao, id_regiao) VALUES (6, 89);
INSERT INTO t_regionalizacao_regiao (id_regionalizacao, id_regiao) VALUES (6, 90);
INSERT INTO t_regionalizacao_regiao (id_regionalizacao, id_regiao) VALUES (6, 91);
INSERT INTO t_regionalizacao_regiao (id_regionalizacao, id_regiao) VALUES (6, 93);
INSERT INTO t_regionalizacao_regiao (id_regionalizacao, id_regiao) VALUES (6, 95);
INSERT INTO t_regionalizacao_regiao (id_regionalizacao, id_regiao) VALUES (6, 105);
INSERT INTO t_regionalizacao_regiao (id_regionalizacao, id_regiao) VALUES (6, 107);
INSERT INTO t_regionalizacao_regiao (id_regionalizacao, id_regiao) VALUES (7, 1);
INSERT INTO t_regionalizacao_regiao (id_regionalizacao, id_regiao) VALUES (7, 11);
INSERT INTO t_regionalizacao_regiao (id_regionalizacao, id_regiao) VALUES (7, 14);
INSERT INTO t_regionalizacao_regiao (id_regionalizacao, id_regiao) VALUES (7, 17);
INSERT INTO t_regionalizacao_regiao (id_regionalizacao, id_regiao) VALUES (7, 32);
INSERT INTO t_regionalizacao_regiao (id_regionalizacao, id_regiao) VALUES (7, 39);
INSERT INTO t_regionalizacao_regiao (id_regionalizacao, id_regiao) VALUES (7, 41);
INSERT INTO t_regionalizacao_regiao (id_regionalizacao, id_regiao) VALUES (7, 42);
INSERT INTO t_regionalizacao_regiao (id_regionalizacao, id_regiao) VALUES (7, 43);
INSERT INTO t_regionalizacao_regiao (id_regionalizacao, id_regiao) VALUES (7, 47);
INSERT INTO t_regionalizacao_regiao (id_regionalizacao, id_regiao) VALUES (7, 48);
INSERT INTO t_regionalizacao_regiao (id_regionalizacao, id_regiao) VALUES (7, 49);
INSERT INTO t_regionalizacao_regiao (id_regionalizacao, id_regiao) VALUES (7, 51);
INSERT INTO t_regionalizacao_regiao (id_regionalizacao, id_regiao) VALUES (7, 52);
INSERT INTO t_regionalizacao_regiao (id_regionalizacao, id_regiao) VALUES (7, 53);
INSERT INTO t_regionalizacao_regiao (id_regionalizacao, id_regiao) VALUES (7, 55);
INSERT INTO t_regionalizacao_regiao (id_regionalizacao, id_regiao) VALUES (7, 77);
INSERT INTO t_regionalizacao_regiao (id_regionalizacao, id_regiao) VALUES (7, 84);
INSERT INTO t_regionalizacao_regiao (id_regionalizacao, id_regiao) VALUES (7, 87);
INSERT INTO t_regionalizacao_regiao (id_regionalizacao, id_regiao) VALUES (7, 88);
INSERT INTO t_regionalizacao_regiao (id_regionalizacao, id_regiao) VALUES (7, 89);
INSERT INTO t_regionalizacao_regiao (id_regionalizacao, id_regiao) VALUES (7, 90);
INSERT INTO t_regionalizacao_regiao (id_regionalizacao, id_regiao) VALUES (7, 91);
INSERT INTO t_regionalizacao_regiao (id_regionalizacao, id_regiao) VALUES (7, 93);
INSERT INTO t_regionalizacao_regiao (id_regionalizacao, id_regiao) VALUES (7, 95);
INSERT INTO t_regionalizacao_regiao (id_regionalizacao, id_regiao) VALUES (7, 105);
INSERT INTO t_regionalizacao_regiao (id_regionalizacao, id_regiao) VALUES (7, 107);
INSERT INTO t_regionalizacao_regiao (id_regionalizacao, id_regiao) VALUES (8, 8);
INSERT INTO t_regionalizacao_regiao (id_regionalizacao, id_regiao) VALUES (8, 24);
INSERT INTO t_regionalizacao_regiao (id_regionalizacao, id_regiao) VALUES (8, 38);
INSERT INTO t_regionalizacao_regiao (id_regionalizacao, id_regiao) VALUES (8, 47);
INSERT INTO t_regionalizacao_regiao (id_regionalizacao, id_regiao) VALUES (8, 57);
INSERT INTO t_regionalizacao_regiao (id_regionalizacao, id_regiao) VALUES (8, 59);
INSERT INTO t_regionalizacao_regiao (id_regionalizacao, id_regiao) VALUES (8, 64);
INSERT INTO t_regionalizacao_regiao (id_regionalizacao, id_regiao) VALUES (8, 67);
INSERT INTO t_regionalizacao_regiao (id_regionalizacao, id_regiao) VALUES (8, 71);
INSERT INTO t_regionalizacao_regiao (id_regionalizacao, id_regiao) VALUES (8, 74);
INSERT INTO t_regionalizacao_regiao (id_regionalizacao, id_regiao) VALUES (8, 76);
INSERT INTO t_regionalizacao_regiao (id_regionalizacao, id_regiao) VALUES (8, 78);
INSERT INTO t_regionalizacao_regiao (id_regionalizacao, id_regiao) VALUES (8, 86);
INSERT INTO t_regionalizacao_regiao (id_regionalizacao, id_regiao) VALUES (8, 94);
INSERT INTO t_regionalizacao_regiao (id_regionalizacao, id_regiao) VALUES (8, 99);
INSERT INTO t_regionalizacao_regiao (id_regionalizacao, id_regiao) VALUES (9, 1);
INSERT INTO t_regionalizacao_regiao (id_regionalizacao, id_regiao) VALUES (9, 11);
INSERT INTO t_regionalizacao_regiao (id_regionalizacao, id_regiao) VALUES (9, 12);
INSERT INTO t_regionalizacao_regiao (id_regionalizacao, id_regiao) VALUES (9, 14);
INSERT INTO t_regionalizacao_regiao (id_regionalizacao, id_regiao) VALUES (9, 16);
INSERT INTO t_regionalizacao_regiao (id_regionalizacao, id_regiao) VALUES (9, 27);
INSERT INTO t_regionalizacao_regiao (id_regionalizacao, id_regiao) VALUES (9, 29);
INSERT INTO t_regionalizacao_regiao (id_regionalizacao, id_regiao) VALUES (9, 32);
INSERT INTO t_regionalizacao_regiao (id_regionalizacao, id_regiao) VALUES (9, 34);
INSERT INTO t_regionalizacao_regiao (id_regionalizacao, id_regiao) VALUES (9, 36);
INSERT INTO t_regionalizacao_regiao (id_regionalizacao, id_regiao) VALUES (9, 39);
INSERT INTO t_regionalizacao_regiao (id_regionalizacao, id_regiao) VALUES (9, 41);
INSERT INTO t_regionalizacao_regiao (id_regionalizacao, id_regiao) VALUES (9, 44);
INSERT INTO t_regionalizacao_regiao (id_regionalizacao, id_regiao) VALUES (9, 45);
INSERT INTO t_regionalizacao_regiao (id_regionalizacao, id_regiao) VALUES (9, 47);
INSERT INTO t_regionalizacao_regiao (id_regionalizacao, id_regiao) VALUES (9, 48);
INSERT INTO t_regionalizacao_regiao (id_regionalizacao, id_regiao) VALUES (9, 51);
INSERT INTO t_regionalizacao_regiao (id_regionalizacao, id_regiao) VALUES (9, 52);
INSERT INTO t_regionalizacao_regiao (id_regionalizacao, id_regiao) VALUES (9, 53);
INSERT INTO t_regionalizacao_regiao (id_regionalizacao, id_regiao) VALUES (9, 54);
INSERT INTO t_regionalizacao_regiao (id_regionalizacao, id_regiao) VALUES (9, 55);
INSERT INTO t_regionalizacao_regiao (id_regionalizacao, id_regiao) VALUES (9, 70);
INSERT INTO t_regionalizacao_regiao (id_regionalizacao, id_regiao) VALUES (9, 77);
INSERT INTO t_regionalizacao_regiao (id_regionalizacao, id_regiao) VALUES (9, 87);
INSERT INTO t_regionalizacao_regiao (id_regionalizacao, id_regiao) VALUES (9, 88);
INSERT INTO t_regionalizacao_regiao (id_regionalizacao, id_regiao) VALUES (9, 89);
INSERT INTO t_regionalizacao_regiao (id_regionalizacao, id_regiao) VALUES (9, 90);
INSERT INTO t_regionalizacao_regiao (id_regionalizacao, id_regiao) VALUES (9, 91);
INSERT INTO t_regionalizacao_regiao (id_regionalizacao, id_regiao) VALUES (9, 93);
INSERT INTO t_regionalizacao_regiao (id_regionalizacao, id_regiao) VALUES (9, 95);
INSERT INTO t_regionalizacao_regiao (id_regionalizacao, id_regiao) VALUES (9, 105);
INSERT INTO t_regionalizacao_regiao (id_regionalizacao, id_regiao) VALUES (9, 107);
INSERT INTO t_regionalizacao_regiao (id_regionalizacao, id_regiao) VALUES (9, 108);
INSERT INTO t_regionalizacao_regiao (id_regionalizacao, id_regiao) VALUES (10, 11);
INSERT INTO t_regionalizacao_regiao (id_regionalizacao, id_regiao) VALUES (10, 39);
INSERT INTO t_regionalizacao_regiao (id_regionalizacao, id_regiao) VALUES (10, 41);
INSERT INTO t_regionalizacao_regiao (id_regionalizacao, id_regiao) VALUES (10, 44);
INSERT INTO t_regionalizacao_regiao (id_regionalizacao, id_regiao) VALUES (10, 47);
INSERT INTO t_regionalizacao_regiao (id_regionalizacao, id_regiao) VALUES (10, 55);
INSERT INTO t_regionalizacao_regiao (id_regionalizacao, id_regiao) VALUES (10, 77);
INSERT INTO t_regionalizacao_regiao (id_regionalizacao, id_regiao) VALUES (10, 88);
INSERT INTO t_regionalizacao_regiao (id_regionalizacao, id_regiao) VALUES (10, 90);
INSERT INTO t_regionalizacao_regiao (id_regionalizacao, id_regiao) VALUES (10, 107);
INSERT INTO t_regionalizacao_regiao (id_regionalizacao, id_regiao) VALUES (11, 4);
INSERT INTO t_regionalizacao_regiao (id_regionalizacao, id_regiao) VALUES (11, 5);
INSERT INTO t_regionalizacao_regiao (id_regionalizacao, id_regiao) VALUES (11, 6);
INSERT INTO t_regionalizacao_regiao (id_regionalizacao, id_regiao) VALUES (11, 7);
INSERT INTO t_regionalizacao_regiao (id_regionalizacao, id_regiao) VALUES (11, 9);
INSERT INTO t_regionalizacao_regiao (id_regionalizacao, id_regiao) VALUES (11, 24);
INSERT INTO t_regionalizacao_regiao (id_regionalizacao, id_regiao) VALUES (11, 30);
INSERT INTO t_regionalizacao_regiao (id_regionalizacao, id_regiao) VALUES (11, 38);
INSERT INTO t_regionalizacao_regiao (id_regionalizacao, id_regiao) VALUES (11, 47);
INSERT INTO t_regionalizacao_regiao (id_regionalizacao, id_regiao) VALUES (11, 50);
INSERT INTO t_regionalizacao_regiao (id_regionalizacao, id_regiao) VALUES (11, 58);
INSERT INTO t_regionalizacao_regiao (id_regionalizacao, id_regiao) VALUES (11, 59);
INSERT INTO t_regionalizacao_regiao (id_regionalizacao, id_regiao) VALUES (11, 63);
INSERT INTO t_regionalizacao_regiao (id_regionalizacao, id_regiao) VALUES (11, 65);
INSERT INTO t_regionalizacao_regiao (id_regionalizacao, id_regiao) VALUES (11, 68);
INSERT INTO t_regionalizacao_regiao (id_regionalizacao, id_regiao) VALUES (11, 78);
INSERT INTO t_regionalizacao_regiao (id_regionalizacao, id_regiao) VALUES (11, 79);
INSERT INTO t_regionalizacao_regiao (id_regionalizacao, id_regiao) VALUES (11, 80);
INSERT INTO t_regionalizacao_regiao (id_regionalizacao, id_regiao) VALUES (11, 83);
INSERT INTO t_regionalizacao_regiao (id_regionalizacao, id_regiao) VALUES (11, 85);
INSERT INTO t_regionalizacao_regiao (id_regionalizacao, id_regiao) VALUES (11, 92);
INSERT INTO t_regionalizacao_regiao (id_regionalizacao, id_regiao) VALUES (11, 96);
INSERT INTO t_regionalizacao_regiao (id_regionalizacao, id_regiao) VALUES (11, 97);
INSERT INTO t_regionalizacao_regiao (id_regionalizacao, id_regiao) VALUES (11, 98);
INSERT INTO t_regionalizacao_regiao (id_regionalizacao, id_regiao) VALUES (11, 100);
INSERT INTO t_regionalizacao_regiao (id_regionalizacao, id_regiao) VALUES (11, 103);
INSERT INTO t_regionalizacao_regiao (id_regionalizacao, id_regiao) VALUES (11, 106);

-- INSERTs for t_tipo_tema_tema
INSERT INTO t_tipo_tema_tema (id_tipo_tema, id_tema) VALUES (01, 001);
INSERT INTO t_tipo_tema_tema (id_tipo_tema, id_tema) VALUES (02, 002);
INSERT INTO t_tipo_tema_tema (id_tipo_tema, id_tema) VALUES (03, 003);
INSERT INTO t_tipo_tema_tema (id_tipo_tema, id_tema) VALUES (03, 004);
INSERT INTO t_tipo_tema_tema (id_tipo_tema, id_tema) VALUES (03, 005);
INSERT INTO t_tipo_tema_tema (id_tipo_tema, id_tema) VALUES (03, 006);
INSERT INTO t_tipo_tema_tema (id_tipo_tema, id_tema) VALUES (03, 007);
INSERT INTO t_tipo_tema_tema (id_tipo_tema, id_tema) VALUES (03, 008);
INSERT INTO t_tipo_tema_tema (id_tipo_tema, id_tema) VALUES (03, 009);
INSERT INTO t_tipo_tema_tema (id_tipo_tema, id_tema) VALUES (03, 010);
INSERT INTO t_tipo_tema_tema (id_tipo_tema, id_tema) VALUES (03, 011);
INSERT INTO t_tipo_tema_tema (id_tipo_tema, id_tema) VALUES (03, 012);
INSERT INTO t_tipo_tema_tema (id_tipo_tema, id_tema) VALUES (03, 013);
INSERT INTO t_tipo_tema_tema (id_tipo_tema, id_tema) VALUES (03, 014);
INSERT INTO t_tipo_tema_tema (id_tipo_tema, id_tema) VALUES (03, 015);
INSERT INTO t_tipo_tema_tema (id_tipo_tema, id_tema) VALUES (03, 016);
INSERT INTO t_tipo_tema_tema (id_tipo_tema, id_tema) VALUES (03, 017);
INSERT INTO t_tipo_tema_tema (id_tipo_tema, id_tema) VALUES (03, 018);
INSERT INTO t_tipo_tema_tema (id_tipo_tema, id_tema) VALUES (03, 019);
INSERT INTO t_tipo_tema_tema (id_tipo_tema, id_tema) VALUES (03, 020);
INSERT INTO t_tipo_tema_tema (id_tipo_tema, id_tema) VALUES (03, 021);
INSERT INTO t_tipo_tema_tema (id_tipo_tema, id_tema) VALUES (03, 022);
INSERT INTO t_tipo_tema_tema (id_tipo_tema, id_tema) VALUES (03, 023);
INSERT INTO t_tipo_tema_tema (id_tipo_tema, id_tema) VALUES (03, 024);
INSERT INTO t_tipo_tema_tema (id_tipo_tema, id_tema) VALUES (04, 025);
INSERT INTO t_tipo_tema_tema (id_tipo_tema, id_tema) VALUES (04, 026);
INSERT INTO t_tipo_tema_tema (id_tipo_tema, id_tema) VALUES (04, 027);
INSERT INTO t_tipo_tema_tema (id_tipo_tema, id_tema) VALUES (04, 028);
INSERT INTO t_tipo_tema_tema (id_tipo_tema, id_tema) VALUES (04, 029);
INSERT INTO t_tipo_tema_tema (id_tipo_tema, id_tema) VALUES (04, 030);
INSERT INTO t_tipo_tema_tema (id_tipo_tema, id_tema) VALUES (04, 031);
INSERT INTO t_tipo_tema_tema (id_tipo_tema, id_tema) VALUES (04, 032);
INSERT INTO t_tipo_tema_tema (id_tipo_tema, id_tema) VALUES (04, 033);
INSERT INTO t_tipo_tema_tema (id_tipo_tema, id_tema) VALUES (04, 034);
INSERT INTO t_tipo_tema_tema (id_tipo_tema, id_tema) VALUES (04, 035);
INSERT INTO t_tipo_tema_tema (id_tipo_tema, id_tema) VALUES (04, 036);
INSERT INTO t_tipo_tema_tema (id_tipo_tema, id_tema) VALUES (04, 037);
INSERT INTO t_tipo_tema_tema (id_tipo_tema, id_tema) VALUES (04, 038);
INSERT INTO t_tipo_tema_tema (id_tipo_tema, id_tema) VALUES (05, 039);
INSERT INTO t_tipo_tema_tema (id_tipo_tema, id_tema) VALUES (05, 040);
INSERT INTO t_tipo_tema_tema (id_tipo_tema, id_tema) VALUES (05, 041);
INSERT INTO t_tipo_tema_tema (id_tipo_tema, id_tema) VALUES (05, 042);
INSERT INTO t_tipo_tema_tema (id_tipo_tema, id_tema) VALUES (05, 043);
INSERT INTO t_tipo_tema_tema (id_tipo_tema, id_tema) VALUES (05, 044);
INSERT INTO t_tipo_tema_tema (id_tipo_tema, id_tema) VALUES (05, 045);
INSERT INTO t_tipo_tema_tema (id_tipo_tema, id_tema) VALUES (05, 046);
INSERT INTO t_tipo_tema_tema (id_tipo_tema, id_tema) VALUES (05, 047);
INSERT INTO t_tipo_tema_tema (id_tipo_tema, id_tema) VALUES (05, 048);
INSERT INTO t_tipo_tema_tema (id_tipo_tema, id_tema) VALUES (05, 049);
INSERT INTO t_tipo_tema_tema (id_tipo_tema, id_tema) VALUES (05, 050);
INSERT INTO t_tipo_tema_tema (id_tipo_tema, id_tema) VALUES (05, 051);
INSERT INTO t_tipo_tema_tema (id_tipo_tema, id_tema) VALUES (05, 052);
INSERT INTO t_tipo_tema_tema (id_tipo_tema, id_tema) VALUES (05, 053);
INSERT INTO t_tipo_tema_tema (id_tipo_tema, id_tema) VALUES (06, 054);
INSERT INTO t_tipo_tema_tema (id_tipo_tema, id_tema) VALUES (06, 055);

